PatientID,Modality,Spacing,TargetSpacing
scan_0053,Lesion,"(1.100000023841858, 1.0, 1.0)","(1.0, 1.0, 1.0)"
scan_0053,T1,"(1.100000023841858, 1.0, 1.0)","(1.0, 1.0, 1.0)"
scan_0147,Lesion,"(0.9765625, 0.9765625, 1.0)","(1.0, 1.0, 1.0)"
scan_0147,T1,"(0.9765625, 0.9765625, 1.0)","(1.0, 1.0, 1.0)"
scan_0917,Lesion,"(0.828125, 0.828125, 1.1699999570846558)","(1.0, 1.0, 1.0)"
scan_0917,T1,"(0.828125, 0.828125, 1.1699999570846558)","(1.0, 1.0, 1.0)"
